Symbol,Price,Type,Description,Quantity,Commission,Amount,Date
TSLA260116C00320000,54.3,Trade,"TSLA Jan 16, 2026 $320.00 Call",-6,0,32579.32,"Aug 22, 2025"
TSLA250919P00300000,4.1,Trade,"TSLA Sep 19, 2025 $300.00 Put",-1,0,409.88,"Aug 22, 2025"
PLTR250829P00157500,2.57,Trade,"PLTR Aug 29, 2025 $157.50 Put",-1,0,256.88,"Aug 22, 2025"
BMNR250919P00046000,3.75,Trade,"BMNR Sep 19, 2025 $46.00 Put",-1,0,374.88,"Aug 22, 2025"
PDD251017C00110000,19.45,Trade,"PDD Oct 17, 2025 $110.00 Call",-1,0,1944.88,"Aug 22, 2025"
SLV250919C00034000,1.8,Trade,"SLV Sep 19, 2025 $34.00 Call",-20,0,3597.75,"Aug 22, 2025"
TSLA250919P00300000,4.15,Trade,"TSLA Sep 19, 2025 $300.00 Put",-1,0,414.88,"Aug 22, 2025"
IWM250919C00230000,8.37,Trade,"IWM Sep 19, 2025 $230.00 Call",-15,0,12553.32,"Aug 22, 2025"
BMNR250919P00046000,3.74,Trade,"BMNR Sep 19, 2025 $46.00 Put",-1,0,373.88,"Aug 22, 2025"
META250829P00722500,2.03,Trade,"META Aug 29, 2025 $722.50 Put",-1,0,202.88,"Aug 22, 2025"
AMZN260116C00220000,22.35,Trade,"AMZN Jan 16, 2026 $220.00 Call",-2,0,4469.76,"Aug 22, 2025"
RIOT260116C00012000,3,Trade,"RIOT Jan 16, 2026 $12.00 Call",-27,0,8096.97,"Aug 22, 2025"
NFLX251017C01240000,48.92,Trade,"NFLX Oct 17, 2025 $1,240.00 Call",-1,0,4891.88,"Aug 22, 2025"
NFLX251017C01240000,51,Trade,"NFLX Oct 17, 2025 $1,240.00 Call",-1,0,5099.88,"Aug 22, 2025"
NFLX251017C01240000,48.97,Trade,"NFLX Oct 17, 2025 $1,240.00 Call",-1,0,4896.88,"Aug 22, 2025"
BABA260116C00110000,19.95,Trade,"BABA Jan 16, 2026 $110.00 Call",-6,0,11969.32,"Aug 22, 2025"
IWM250919C00230000,7.44,Trade,"IWM Sep 19, 2025 $230.00 Call",5,0,-3720.54,"Aug 22, 2025"
IWM250919C00230000,7.48,Trade,"IWM Sep 19, 2025 $230.00 Call",5,0,-3740.55,"Aug 22, 2025"
RIVN251017C00011000,2.07,Trade,"RIVN Oct 17, 2025 $11.00 Call",-36,0,7447.98,"Aug 22, 2025"
CVNA250919P00350000,15.99,Trade,"CVNA Sep 19, 2025 $350.00 Put",-1,0,1598.88,"Aug 22, 2025"
UNH260116C00320000,23.65,Trade,"UNH Jan 16, 2026 $320.00 Call",-2,0,4729.76,"Aug 22, 2025"
QQQ250829P00563000,2.28,Trade,"QQQ Aug 29, 2025 $563.00 Put",-1,0,227.88,"Aug 22, 2025"
CVNA250919P00350000,16.1,Trade,"CVNA Sep 19, 2025 $350.00 Put",-1,0,1609.88,"Aug 22, 2025"
NFLX251017C01240000,51.95,Trade,"NFLX Oct 17, 2025 $1,240.00 Call",-1,0,5194.88,"Aug 22, 2025"
META250919C00755000,17.87,Trade,"META Sep 19, 2025 $755.00 Call",-1,0,1786.88,"Aug 22, 2025"
PLTR250829P00157500,2.57,Trade,"PLTR Aug 29, 2025 $157.50 Put",-1,0,256.88,"Aug 22, 2025"
QQQ250829P00563000,2.31,Trade,"QQQ Aug 29, 2025 $563.00 Put",-1,0,230.88,"Aug 22, 2025"
SLV250919C00034000,1.83,Trade,"SLV Sep 19, 2025 $34.00 Call",-20,0,3650.75,"Aug 22, 2025"
META250919C00755000,23.52,Trade,"META Sep 19, 2025 $755.00 Call",-6,0,14111.32,"Aug 22, 2025"
BMNR250919P00046000,3.77,Trade,"BMNR Sep 19, 2025 $46.00 Put",-1,0,376.88,"Aug 22, 2025"
BMNR251017C00050000,12.1,Trade,"BMNR Oct 17, 2025 $50.00 Call",-11,0,13308.76,"Aug 22, 2025"
QQQ250829P00563000,2.29,Trade,"QQQ Aug 29, 2025 $563.00 Put",-1,0,228.88,"Aug 22, 2025"
META250829P00722500,2.01,Trade,"META Aug 29, 2025 $722.50 Put",-1,0,200.88,"Aug 22, 2025"
PDD251017C00110000,19.1,Trade,"PDD Oct 17, 2025 $110.00 Call",-1,0,1909.88,"Aug 22, 2025"
META250919C00755000,17.87,Trade,"META Sep 19, 2025 $755.00 Call",-1,0,1786.88,"Aug 22, 2025"
PDD251017C00110000,19.67,Trade,"PDD Oct 17, 2025 $110.00 Call",-6,0,11801.31,"Aug 22, 2025"
CVNA250919P00350000,15.7,Trade,"CVNA Sep 19, 2025 $350.00 Put",-1,0,1569.88,"Aug 22, 2025"
UNH260116C00320000,23.55,Trade,"UNH Jan 16, 2026 $320.00 Call",-2,0,4709.76,"Aug 22, 2025"
UNH260116C00320000,23.72,Trade,"UNH Jan 16, 2026 $320.00 Call",-2,0,4743.76,"Aug 22, 2025"
NFLX251017C01240000,48.35,Trade,"NFLX Oct 17, 2025 $1,240.00 Call",-1,0,4834.88,"Aug 22, 2025"
PLTR250919C00145000,20.9,Trade,"PLTR Sep 19, 2025 $145.00 Call",-8,0,16719.11,"Aug 22, 2025"
NTNX251017C00065000,6.66,Trade,"NTNX Oct 17, 2025 $65.00 Call",-3,0,1997.64,"Aug 22, 2025"
NTNX251017C00065000,7,Trade,"NTNX Oct 17, 2025 $65.00 Call",-3,0,2099.64,"Aug 22, 2025"
SLV250919C00034000,1.81,Trade,"SLV Sep 19, 2025 $34.00 Call",-20,0,3617.75,"Aug 22, 2025"
IWM250919C00230000,7.47,Trade,"IWM Sep 19, 2025 $230.00 Call",5,0,-3735.55,"Aug 22, 2025"
PDD251017C00110000,19,Trade,"PDD Oct 17, 2025 $110.00 Call",-1,0,1899.88,"Aug 22, 2025"
NTNX251017C00065000,7,Trade,"NTNX Oct 17, 2025 $65.00 Call",-3,0,2099.65,"Aug 22, 2025"
AMZN260116C00220000,22.4,Trade,"AMZN Jan 16, 2026 $220.00 Call",-2,0,4479.76,"Aug 22, 2025"
AMZN260116C00220000,22.46,Trade,"AMZN Jan 16, 2026 $220.00 Call",-2,0,4491.76,"Aug 22, 2025"
META250919C00755000,17.66,Trade,"META Sep 19, 2025 $755.00 Call",-1,0,1765.88,"Aug 22, 2025"
NFLX251017C01240000,50.5,Trade,"NFLX Oct 17, 2025 $1,240.00 Call",-1,0,5049.88,"Aug 22, 2025"
CVNA250919P00350000,24.31,Trade,"CVNA Sep 19, 2025 $350.00 Put",1,0,-2431.11,"Aug 21, 2025"
NFLX250905P01160000,9.85,Trade,"NFLX Sep 05, 2025 $1,160.00 Put",-1,0,984.88,"Aug 21, 2025"
QQQ250825P00564000,5.4,Trade,"QQQ Aug 25, 2025 $564.00 Put",-2,0,1079.76,"Aug 21, 2025"
QQQ250829P00563000,6.59,Trade,"QQQ Aug 29, 2025 $563.00 Put",1,0,-659.11,"Aug 21, 2025"
PDD250829P00120000,3.61,Trade,"PDD Aug 29, 2025 $120.00 Put",-1,0,360.88,"Aug 21, 2025"
PDD250829P00120000,3.55,Trade,"PDD Aug 29, 2025 $120.00 Put",-1,0,354.88,"Aug 21, 2025"
NFLX250905P01160000,9.85,Trade,"NFLX Sep 05, 2025 $1,160.00 Put",-1,0,984.88,"Aug 21, 2025"
QQQ250829P00563000,6.64,Trade,"QQQ Aug 29, 2025 $563.00 Put",1,0,-664.11,"Aug 21, 2025"
NFLX250905P01160000,9.85,Trade,"NFLX Sep 05, 2025 $1,160.00 Put",-1,0,984.88,"Aug 21, 2025"
CVNA250919P00350000,24.5,Trade,"CVNA Sep 19, 2025 $350.00 Put",1,0,-2450.11,"Aug 21, 2025"
NTNX251017C00065000,6.93,Trade,"NTNX Oct 17, 2025 $65.00 Call",-1,0,692.88,"Aug 21, 2025"
CVNA250919P00350000,24.5,Trade,"CVNA Sep 19, 2025 $350.00 Put",1,0,-2450.11,"Aug 21, 2025"
PDD250829P00120000,3.55,Trade,"PDD Aug 29, 2025 $120.00 Put",-1,0,354.88,"Aug 21, 2025"
NTNX251017C00065000,6.9,Trade,"NTNX Oct 17, 2025 $65.00 Call",-1,0,689.88,"Aug 21, 2025"
QQQ250825P00564000,5.49,Trade,"QQQ Aug 25, 2025 $564.00 Put",-2,0,1097.76,"Aug 21, 2025"
QQQ250825P00564000,5.42,Trade,"QQQ Aug 25, 2025 $564.00 Put",-2,0,1083.76,"Aug 21, 2025"
NTNX251017C00065000,6.9,Trade,"NTNX Oct 17, 2025 $65.00 Call",-1,0,689.88,"Aug 21, 2025"
QQQ250829P00563000,6.61,Trade,"QQQ Aug 29, 2025 $563.00 Put",1,0,-661.11,"Aug 21, 2025"
UNH260116C00320000,21.25,Trade,"UNH Jan 16, 2026 $320.00 Call",1,0,-2125.11,"Aug 20, 2025"
META250919C00755000,16.6,Trade,"META Sep 19, 2025 $755.00 Call",2,0,-3320.22,"Aug 20, 2025"
PLTR250919C00145000,15.75,Trade,"PLTR Sep 19, 2025 $145.00 Call",-1,0,1574.88,"Aug 20, 2025"
META250919C00755000,16.85,Trade,"META Sep 19, 2025 $755.00 Call",-1,0,1684.88,"Aug 20, 2025"
TGT250829P00099000,3.75,Trade,"TGT Aug 29, 2025 $99.00 Put",-1,0,374.88,"Aug 20, 2025"
PLTR250829P00157500,6.54,Trade,"PLTR Aug 29, 2025 $157.50 Put",1,0,-654.11,"Aug 20, 2025"
SLV250919P00034500,0.87,Trade,"SLV Sep 19, 2025 $34.50 Put",-8,0,695.1,"Aug 20, 2025"
UBER251017C00087500,8.28,Trade,"UBER Oct 17, 2025 $87.50 Call",-2,0,1655.76,"Aug 20, 2025"
META250829P00722500,9.95,Trade,"META Aug 29, 2025 $722.50 Put",1,0,-995.11,"Aug 20, 2025"
ZS250919C00277500,15.04,Trade,"ZS Sep 19, 2025 $277.50 Call",-2,0,3007.76,"Aug 20, 2025"
BABA250829P00124000,6.65,Trade,"BABA Aug 29, 2025 $124.00 Put",-1,0,664.88,"Aug 20, 2025"
META250829P00722500,9.95,Trade,"META Aug 29, 2025 $722.50 Put",1,0,-995.11,"Aug 20, 2025"
UBER251017C00087500,8.28,Trade,"UBER Oct 17, 2025 $87.50 Call",-1,0,827.88,"Aug 20, 2025"
OSCR251017C00015000,2.22,Trade,"OSCR Oct 17, 2025 $15.00 Call",8,0,-1776.88,"Aug 20, 2025"
OSCR251017C00015000,2.23,Trade,"OSCR Oct 17, 2025 $15.00 Call",8,0,-1784.88,"Aug 20, 2025"
TGT251017C00095000,6.17,Trade,"TGT Oct 17, 2025 $95.00 Call",-1,0,616.88,"Aug 20, 2025"
ZM251017C00065000,8.93,Trade,"ZM Oct 17, 2025 $65.00 Call",-2,0,1785.76,"Aug 20, 2025"
ZM251017C00065000,8.9,Trade,"ZM Oct 17, 2025 $65.00 Call",-2,0,1779.76,"Aug 20, 2025"
TSLA250919P00320000,17.05,Trade,"TSLA Sep 19, 2025 $320.00 Put",-1,0,1704.88,"Aug 20, 2025"
META250829P00747500,20.05,Trade,"META Aug 29, 2025 $747.50 Put",-1,0,2004.88,"Aug 20, 2025"
BABA250829P00124000,6.65,Trade,"BABA Aug 29, 2025 $124.00 Put",-1,0,664.88,"Aug 20, 2025"
TSLA250919P00320000,17.21,Trade,"TSLA Sep 19, 2025 $320.00 Put",-1,0,1720.88,"Aug 20, 2025"
OSCR251017C00015000,2.2,Trade,"OSCR Oct 17, 2025 $15.00 Call",-16,0,3518.21,"Aug 20, 2025"
OSCR251017C00015000,2.19,Trade,"OSCR Oct 17, 2025 $15.00 Call",-8,0,1754.08,"Aug 20, 2025"
META250919C00755000,17.15,Trade,"META Sep 19, 2025 $755.00 Call",-1,0,1714.88,"Aug 20, 2025"
META250919C00755000,17.12,Trade,"META Sep 19, 2025 $755.00 Call",-1,0,1711.88,"Aug 20, 2025"
UNH260116C00320000,21.26,Trade,"UNH Jan 16, 2026 $320.00 Call",1,0,-2126.11,"Aug 20, 2025"
BMNR250919P00046000,4.43,Trade,"BMNR Sep 19, 2025 $46.00 Put",-1,0,442.88,"Aug 20, 2025"
NTNX250919P00075000,8.6,Trade,"NTNX Sep 19, 2025 $75.00 Put",-1,0,859.88,"Aug 20, 2025"
BMNR250919P00046000,4.38,Trade,"BMNR Sep 19, 2025 $46.00 Put",-1,0,437.88,"Aug 20, 2025"
SLV250919P00034500,0.87,Trade,"SLV Sep 19, 2025 $34.50 Put",-8,0,695.11,"Aug 20, 2025"
NFLX250905P01160000,14.41,Trade,"NFLX Sep 05, 2025 $1,160.00 Put",1,0,-1441.11,"Aug 20, 2025"
OSCR251017C00015000,2.2,Trade,"OSCR Oct 17, 2025 $15.00 Call",-16,0,3518.19,"Aug 20, 2025"
BABA250829P00124000,6.7,Trade,"BABA Aug 29, 2025 $124.00 Put",-1,0,669.88,"Aug 20, 2025"
QQQ250825P00564000,4.01,Trade,"QQQ Aug 25, 2025 $564.00 Put",2,0,-802.22,"Aug 20, 2025"
QQQ250825P00564000,4.01,Trade,"QQQ Aug 25, 2025 $564.00 Put",2,0,-802.22,"Aug 20, 2025"
TGT250829P00099000,3.75,Trade,"TGT Aug 29, 2025 $99.00 Put",-1,0,374.88,"Aug 20, 2025"
PLTR250829P00157500,6.6,Trade,"PLTR Aug 29, 2025 $157.50 Put",1,0,-660.11,"Aug 20, 2025"
BMNR251017C00050000,10.7,Trade,"BMNR Oct 17, 2025 $50.00 Call",-1,0,1069.88,"Aug 20, 2025"
TGT250829P00099000,3.75,Trade,"TGT Aug 29, 2025 $99.00 Put",-1,0,374.88,"Aug 20, 2025"
NTNX250919P00075000,8.6,Trade,"NTNX Sep 19, 2025 $75.00 Put",-1,0,859.88,"Aug 20, 2025"
NFLX251017C01240000,49.48,Trade,"NFLX Oct 17, 2025 $1,240.00 Call",2,0,-9896.23,"Aug 20, 2025"
META250919C00755000,16.62,Trade,"META Sep 19, 2025 $755.00 Call",2,0,-3324.23,"Aug 20, 2025"
NFLX251017C01240000,49.56,Trade,"NFLX Oct 17, 2025 $1,240.00 Call",2,0,-9912.23,"Aug 20, 2025"
META250829P00747500,19.95,Trade,"META Aug 29, 2025 $747.50 Put",-1,0,1994.88,"Aug 20, 2025"
TGT251017C00095000,6.05,Trade,"TGT Oct 17, 2025 $95.00 Call",-1,0,604.88,"Aug 20, 2025"
META250829P00722500,9.8,Trade,"META Aug 29, 2025 $722.50 Put",1,0,-980.11,"Aug 20, 2025"
TGT251017C00095000,6.17,Trade,"TGT Oct 17, 2025 $95.00 Call",-1,0,616.88,"Aug 20, 2025"
ZS250919C00277500,14.89,Trade,"ZS Sep 19, 2025 $277.50 Call",-2,0,2977.76,"Aug 20, 2025"
UBER251017C00087500,8.25,Trade,"UBER Oct 17, 2025 $87.50 Call",-1,0,824.88,"Aug 20, 2025"
NFLX250905P01160000,14.58,Trade,"NFLX Sep 05, 2025 $1,160.00 Put",1,0,-1458.11,"Aug 20, 2025"
TSLA250919P00300000,8.75,Trade,"TSLA Sep 19, 2025 $300.00 Put",1,0,-875.11,"Aug 20, 2025"
UNH260116C00320000,21.25,Trade,"UNH Jan 16, 2026 $320.00 Call",1,0,-2125.11,"Aug 20, 2025"
META250829P00747500,19.9,Trade,"META Aug 29, 2025 $747.50 Put",-1,0,1989.88,"Aug 20, 2025"
PLTR250919C00145000,11.9,Trade,"PLTR Sep 19, 2025 $145.00 Call",3,0,-3570.34,"Aug 20, 2025"
PLTR250919C00145000,11.85,Trade,"PLTR Sep 19, 2025 $145.00 Call",1,0,-1185.11,"Aug 20, 2025"
TSLA250919P00300000,8.7,Trade,"TSLA Sep 19, 2025 $300.00 Put",1,0,-870.11,"Aug 20, 2025"
META250919C00755000,16.62,Trade,"META Sep 19, 2025 $755.00 Call",2,0,-3324.23,"Aug 20, 2025"
PLTR250919C00145000,15.75,Trade,"PLTR Sep 19, 2025 $145.00 Call",-1,0,1574.88,"Aug 20, 2025"
PLTR250919C00145000,11.9,Trade,"PLTR Sep 19, 2025 $145.00 Call",3,0,-3570.34,"Aug 20, 2025"
PLTR250919C00145000,11.76,Trade,"PLTR Sep 19, 2025 $145.00 Call",3,0,-3528.34,"Aug 20, 2025"
SLV250919P00034500,0.87,Trade,"SLV Sep 19, 2025 $34.50 Put",-8,0,695.1,"Aug 20, 2025"
NFLX250905P01160000,14.6,Trade,"NFLX Sep 05, 2025 $1,160.00 Put",1,0,-1460.11,"Aug 20, 2025"
ZS250919C00277500,14.65,Trade,"ZS Sep 19, 2025 $277.50 Call",-1,0,1464.88,"Aug 20, 2025"
NFLX251017C01240000,49.95,Trade,"NFLX Oct 17, 2025 $1,240.00 Call",2,0,-9990.23,"Aug 20, 2025"
NTNX250919P00075000,8.66,Trade,"NTNX Sep 19, 2025 $75.00 Put",-1,0,865.88,"Aug 20, 2025"
BMNR250919P00046000,4.4,Trade,"BMNR Sep 19, 2025 $46.00 Put",-1,0,439.88,"Aug 20, 2025"
UBER251017C00087500,8.29,Trade,"UBER Oct 17, 2025 $87.50 Call",-2,0,1657.76,"Aug 20, 2025"
QQQ250825P00564000,3.13,Trade,"QQQ Aug 25, 2025 $564.00 Put",2,0,-626.23,"Aug 20, 2025"
ZM251017C00065000,8.94,Trade,"ZM Oct 17, 2025 $65.00 Call",-2,0,1787.76,"Aug 20, 2025"
TSLA250919P00320000,17.2,Trade,"TSLA Sep 19, 2025 $320.00 Put",-1,0,1719.88,"Aug 20, 2025"
TSLA250919P00300000,8.75,Trade,"TSLA Sep 19, 2025 $300.00 Put",1,0,-875.11,"Aug 20, 2025"
BMNR251017C00050000,10.1,Trade,"BMNR Oct 17, 2025 $50.00 Call",2,0,-2020.23,"Aug 19, 2025"
UNH250829P00295000,4.35,Trade,"UNH Aug 29, 2025 $295.00 Put",-1,0,434.88,"Aug 19, 2025"
UNH250829P00295000,4.45,Trade,"UNH Aug 29, 2025 $295.00 Put",-1,0,444.88,"Aug 19, 2025"
AMZN250919P00235000,9.03,Trade,"AMZN Sep 19, 2025 $235.00 Put",-1,0,902.88,"Aug 19, 2025"
AMZN250919P00235000,9.03,Trade,"AMZN Sep 19, 2025 $235.00 Put",-1,0,902.88,"Aug 19, 2025"
META250919C00755000,23.7,Trade,"META Sep 19, 2025 $755.00 Call",1,0,-2370.11,"Aug 19, 2025"
UBER251017C00087500,10.2,Trade,"UBER Oct 17, 2025 $87.50 Call",-1,0,1019.88,"Aug 19, 2025"
UBER251017C00087500,10.5,Trade,"UBER Oct 17, 2025 $87.50 Call",-1,0,1049.88,"Aug 19, 2025"
GOOGL250919C00207500,4.32,Trade,"GOOGL Sep 19, 2025 $207.50 Call",-4,0,1727.54,"Aug 19, 2025"
TGT250829P00099000,2.63,Trade,"TGT Aug 29, 2025 $99.00 Put",1,0,-263.11,"Aug 19, 2025"
TGT250829P00099000,2.6,Trade,"TGT Aug 29, 2025 $99.00 Put",1,0,-260.11,"Aug 19, 2025"
GOOGL250919P00200000,6.4,Trade,"GOOGL Sep 19, 2025 $200.00 Put",-2,0,1279.76,"Aug 19, 2025"
META250919C00755000,23.55,Trade,"META Sep 19, 2025 $755.00 Call",1,0,-2355.11,"Aug 19, 2025"
TGT250829P00103000,3.85,Trade,"TGT Aug 29, 2025 $103.00 Put",-2,0,769.76,"Aug 19, 2025"
RIOT260116C00012000,2.32,Trade,"RIOT Jan 16, 2026 $12.00 Call",-3,0,695.64,"Aug 19, 2025"
BMNR251017C00050000,10.09,Trade,"BMNR Oct 17, 2025 $50.00 Call",2,0,-2018.23,"Aug 19, 2025"
BMNR250919P00046000,4.92,Trade,"BMNR Sep 19, 2025 $46.00 Put",2,0,-984.23,"Aug 19, 2025"
META250919C00755000,23.4,Trade,"META Sep 19, 2025 $755.00 Call",1,0,-2340.11,"Aug 19, 2025"
RIOT260116C00012000,2.32,Trade,"RIOT Jan 16, 2026 $12.00 Call",-3,0,695.65,"Aug 19, 2025"
TGT251017C00095000,13.75,Trade,"TGT Oct 17, 2025 $95.00 Call",-1,0,1374.88,"Aug 19, 2025"
META250919C00755000,24.95,Trade,"META Sep 19, 2025 $755.00 Call",1,0,-2495.11,"Aug 19, 2025"
ZS250919C00277500,20.04,Trade,"ZS Sep 19, 2025 $277.50 Call",2,0,-4008.23,"Aug 19, 2025"
ZS250919C00277500,21.05,Trade,"ZS Sep 19, 2025 $277.50 Call",2,0,-4210.22,"Aug 19, 2025"
GOOGL250919C00207500,4.32,Trade,"GOOGL Sep 19, 2025 $207.50 Call",-4,0,1727.54,"Aug 19, 2025"
TGT250829P00103000,3.85,Trade,"TGT Aug 29, 2025 $103.00 Put",-2,0,769.76,"Aug 19, 2025"
RKLB251017C00047000,3.95,Trade,"RKLB Oct 17, 2025 $47.00 Call",-4,0,1579.55,"Aug 19, 2025"
ZS250919C00277500,19.77,Trade,"ZS Sep 19, 2025 $277.50 Call",1,0,-1977.11,"Aug 19, 2025"
UBER251017C00087500,10.15,Trade,"UBER Oct 17, 2025 $87.50 Call",-1,0,1014.88,"Aug 19, 2025"
GOOGL250919C00207500,4.3,Trade,"GOOGL Sep 19, 2025 $207.50 Call",-4,0,1719.55,"Aug 19, 2025"
UNH250829P00295000,4.45,Trade,"UNH Aug 29, 2025 $295.00 Put",-1,0,444.88,"Aug 19, 2025"
TGT250829P00103000,3.85,Trade,"TGT Aug 29, 2025 $103.00 Put",-2,0,769.76,"Aug 19, 2025"
TGT250829P00099000,2.58,Trade,"TGT Aug 29, 2025 $99.00 Put",1,0,-258.11,"Aug 19, 2025"
BMNR250919P00046000,4.93,Trade,"BMNR Sep 19, 2025 $46.00 Put",2,0,-986.23,"Aug 19, 2025"
BMNR251017C00050000,10.1,Trade,"BMNR Oct 17, 2025 $50.00 Call",2,0,-2020.23,"Aug 19, 2025"
GOOGL250919P00200000,6.45,Trade,"GOOGL Sep 19, 2025 $200.00 Put",-2,0,1289.76,"Aug 19, 2025"
TGT251017C00095000,13.25,Trade,"TGT Oct 17, 2025 $95.00 Call",-1,0,1324.88,"Aug 19, 2025"
META250919C00755000,24.85,Trade,"META Sep 19, 2025 $755.00 Call",1,0,-2485.11,"Aug 19, 2025"
RIOT260116C00012000,2.31,Trade,"RIOT Jan 16, 2026 $12.00 Call",-3,0,692.65,"Aug 19, 2025"
META250829P00747500,12.6,Trade,"META Aug 29, 2025 $747.50 Put",1,0,-1260.11,"Aug 19, 2025"
META250829P00747500,12.38,Trade,"META Aug 29, 2025 $747.50 Put",1,0,-1238.11,"Aug 19, 2025"
GOOGL250919P00200000,6.4,Trade,"GOOGL Sep 19, 2025 $200.00 Put",-2,0,1279.76,"Aug 19, 2025"
RKLB251017C00047000,3.95,Trade,"RKLB Oct 17, 2025 $47.00 Call",-4,0,1579.55,"Aug 19, 2025"
AMZN250919P00235000,9.03,Trade,"AMZN Sep 19, 2025 $235.00 Put",-1,0,902.88,"Aug 19, 2025"
META250919C00755000,24.83,Trade,"META Sep 19, 2025 $755.00 Call",1,0,-2483.11,"Aug 19, 2025"
RKLB251017C00047000,3.95,Trade,"RKLB Oct 17, 2025 $47.00 Call",-4,0,1579.54,"Aug 19, 2025"
META250829P00747500,12.55,Trade,"META Aug 29, 2025 $747.50 Put",1,0,-1255.11,"Aug 19, 2025"
BMNR250919P00046000,5,Trade,"BMNR Sep 19, 2025 $46.00 Put",2,0,-1000.23,"Aug 19, 2025"
TGT251017C00095000,13.75,Trade,"TGT Oct 17, 2025 $95.00 Call",-1,0,1374.88,"Aug 19, 2025"
RIOT260116C00012000,2.17,Trade,"RIOT Jan 16, 2026 $12.00 Call",12,0,-2605.29,"Aug 18, 2025"
UNH260116C00320000,27.75,Trade,"UNH Jan 16, 2026 $320.00 Call",-1,0,2774.88,"Aug 18, 2025"
RIOT260116C00012000,2.19,Trade,"RIOT Jan 16, 2026 $12.00 Call",12,0,-2629.3,"Aug 18, 2025"
BMNR251017C00050000,14.5,Trade,"BMNR Oct 17, 2025 $50.00 Call",2,0,-2900.22,"Aug 18, 2025"
FSLR250829P00180000,0.63,Trade,"FSLR Aug 29, 2025 $180.00 Put",-1,0,62.88,"Aug 18, 2025"
TSLA250919P00320000,10.04,Trade,"TSLA Sep 19, 2025 $320.00 Put",-1,0,1003.88,"Aug 18, 2025"
UNH260116C00320000,27.5,Trade,"UNH Jan 16, 2026 $320.00 Call",-1,0,2749.88,"Aug 18, 2025"
UNH260116C00320000,27.71,Trade,"UNH Jan 16, 2026 $320.00 Call",-1,0,2770.88,"Aug 18, 2025"
GOOGL250919P00200000,5.35,Trade,"GOOGL Sep 19, 2025 $200.00 Put",2,0,-1070.23,"Aug 18, 2025"
UBER251017C00087500,8.78,Trade,"UBER Oct 17, 2025 $87.50 Call",3,0,-2634.34,"Aug 18, 2025"
RIOT260116C00012000,2.17,Trade,"RIOT Jan 16, 2026 $12.00 Call",12,0,-2605.31,"Aug 18, 2025"
FSLR250829P00180000,0.65,Trade,"FSLR Aug 29, 2025 $180.00 Put",-1,0,64.88,"Aug 18, 2025"
GOOGL250919P00200000,5.4,Trade,"GOOGL Sep 19, 2025 $200.00 Put",2,0,-1080.22,"Aug 18, 2025"
TSLA250919P00320000,10.03,Trade,"TSLA Sep 19, 2025 $320.00 Put",-1,0,1002.88,"Aug 18, 2025"
RKLB251017C00047000,5.85,Trade,"RKLB Oct 17, 2025 $47.00 Call",4,0,-2340.44,"Aug 18, 2025"
RKLB251017C00047000,5.85,Trade,"RKLB Oct 17, 2025 $47.00 Call",4,0,-2340.44,"Aug 18, 2025"
BMNR251017C00050000,14.3,Trade,"BMNR Oct 17, 2025 $50.00 Call",2,0,-2860.23,"Aug 18, 2025"
FSLR250829P00180000,0.52,Trade,"FSLR Aug 29, 2025 $180.00 Put",-1,0,51.88,"Aug 18, 2025"
OSCR251017C00015000,3.14,Trade,"OSCR Oct 17, 2025 $15.00 Call",8,0,-2512.87,"Aug 18, 2025"
BMNR251017C00050000,14.3,Trade,"BMNR Oct 17, 2025 $50.00 Call",2,0,-2860.23,"Aug 18, 2025"
GOOGL250919C00207500,5.54,Trade,"GOOGL Sep 19, 2025 $207.50 Call",4,0,-2216.43,"Aug 18, 2025"
GOOGL250919C00207500,5.55,Trade,"GOOGL Sep 19, 2025 $207.50 Call",4,0,-2220.43,"Aug 18, 2025"
OSCR251017C00015000,3.14,Trade,"OSCR Oct 17, 2025 $15.00 Call",8,0,-2512.87,"Aug 18, 2025"
GOOGL250919P00200000,5.4,Trade,"GOOGL Sep 19, 2025 $200.00 Put",2,0,-1080.23,"Aug 18, 2025"
OSCR251017C00015000,3.14,Trade,"OSCR Oct 17, 2025 $15.00 Call",8,0,-2512.87,"Aug 18, 2025"
GOOGL250919C00207500,5.53,Trade,"GOOGL Sep 19, 2025 $207.50 Call",4,0,-2212.44,"Aug 18, 2025"
RKLB251017C00047000,5.85,Trade,"RKLB Oct 17, 2025 $47.00 Call",4,0,-2340.44,"Aug 18, 2025"
UBER251017C00087500,8.8,Trade,"UBER Oct 17, 2025 $87.50 Call",3,0,-2640.34,"Aug 18, 2025"
UBER251017C00087500,8.79,Trade,"UBER Oct 17, 2025 $87.50 Call",3,0,-2636.33,"Aug 18, 2025"
TSLA250919P00320000,10,Trade,"TSLA Sep 19, 2025 $320.00 Put",-1,0,999.88,"Aug 18, 2025"
META250815P00650000,,Option,META250815P00650000,-1,,0,"Aug 15, 2025"
TGT251017C00095000,12.15,Trade,"TGT Oct 17, 2025 $95.00 Call",2,0,-2430.23,"Aug 15, 2025"
NTNX251017C00065000,8.15,Trade,"NTNX Oct 17, 2025 $65.00 Call",4,0,-3260.44,"Aug 15, 2025"
SLV250919C00034000,1.24,Trade,"SLV Sep 19, 2025 $34.00 Call",20,0,-2482.19,"Aug 15, 2025"
AMZN260116C00220000,24.88,Trade,"AMZN Jan 16, 2026 $220.00 Call",2,0,-4976.22,"Aug 15, 2025"
BABA250829P00124000,5.4,Trade,"BABA Aug 29, 2025 $124.00 Put",1,0,-540.11,"Aug 15, 2025"
UNH260116C00320000,23.35,Trade,"UNH Jan 16, 2026 $320.00 Call",2,0,-4670.23,"Aug 15, 2025"
UNH260116C00320000,22.77,Trade,"UNH Jan 16, 2026 $320.00 Call",2,0,-4554.22,"Aug 15, 2025"
BABA260116C00110000,20.05,Trade,"BABA Jan 16, 2026 $110.00 Call",2,0,-4010.23,"Aug 15, 2025"
TGT251017C00095000,12.15,Trade,"TGT Oct 17, 2025 $95.00 Call",2,0,-2430.22,"Aug 15, 2025"
SLV250919P00034500,0.95,Trade,"SLV Sep 19, 2025 $34.50 Put",8,0,-760.87,"Aug 15, 2025"
TSLA250919P00320000,12.05,Trade,"TSLA Sep 19, 2025 $320.00 Put",2,0,-2410.23,"Aug 15, 2025"
RIVN251017C00011000,1.88,Trade,"RIVN Oct 17, 2025 $11.00 Call",48,0,-9029.23,"Aug 15, 2025"
AMZN250919P00235000,8.28,Trade,"AMZN Sep 19, 2025 $235.00 Put",1,0,-828.11,"Aug 15, 2025"
NTNX250919P00075000,8.1,Trade,"NTNX Sep 19, 2025 $75.00 Put",1,0,-810.11,"Aug 15, 2025"
TGT251017C00095000,12.15,Trade,"TGT Oct 17, 2025 $95.00 Call",2,0,-2430.23,"Aug 15, 2025"
NTNX251017C00065000,8.2,Trade,"NTNX Oct 17, 2025 $65.00 Call",4,0,-3280.44,"Aug 15, 2025"
BABA250829P00124000,5.4,Trade,"BABA Aug 29, 2025 $124.00 Put",1,0,-540.11,"Aug 15, 2025"
FSLR251017C00175000,33.5,Trade,"FSLR Oct 17, 2025 $175.00 Call",-2,0,6699.76,"Aug 15, 2025"
SLV250919C00034000,1.24,Trade,"SLV Sep 19, 2025 $34.00 Call",20,0,-2482.19,"Aug 15, 2025"
TSLA260116C00320000,51.95,Trade,"TSLA Jan 16, 2026 $320.00 Call",2,0,-10390.23,"Aug 15, 2025"
AMZN260116C00220000,24.87,Trade,"AMZN Jan 16, 2026 $220.00 Call",2,0,-4974.23,"Aug 15, 2025"
TGT250829P00103000,5.05,Trade,"TGT Aug 29, 2025 $103.00 Put",2,0,-1010.22,"Aug 15, 2025"
FSLR251017C00175000,33.5,Trade,"FSLR Oct 17, 2025 $175.00 Call",-2,0,6699.76,"Aug 15, 2025"
FSLR251017C00175000,34.98,Trade,"FSLR Oct 17, 2025 $175.00 Call",-1,0,3497.88,"Aug 15, 2025"
NTNX251017C00065000,8.2,Trade,"NTNX Oct 17, 2025 $65.00 Call",4,0,-3280.44,"Aug 15, 2025"
FSLR251017C00175000,33.5,Trade,"FSLR Oct 17, 2025 $175.00 Call",-2,0,6699.76,"Aug 15, 2025"
RIVN251017C00011000,1.89,Trade,"RIVN Oct 17, 2025 $11.00 Call",-36,0,6799.98,"Aug 15, 2025"
BABA250829P00124000,5.38,Trade,"BABA Aug 29, 2025 $124.00 Put",1,0,-538.11,"Aug 15, 2025"
AMZN250919P00235000,8.35,Trade,"AMZN Sep 19, 2025 $235.00 Put",1,0,-835.11,"Aug 15, 2025"
AMZN250919P00235000,8.35,Trade,"AMZN Sep 19, 2025 $235.00 Put",1,0,-835.11,"Aug 15, 2025"
NTNX250919P00075000,8.1,Trade,"NTNX Sep 19, 2025 $75.00 Put",1,0,-810.11,"Aug 15, 2025"
UNH250829P00295000,5.49,Trade,"UNH Aug 29, 2025 $295.00 Put",1,0,-549.11,"Aug 15, 2025"
RIVN251017C00011000,1.88,Trade,"RIVN Oct 17, 2025 $11.00 Call",-36,0,6763.98,"Aug 15, 2025"
SLV250919P00034500,0.94,Trade,"SLV Sep 19, 2025 $34.50 Put",8,0,-752.87,"Aug 15, 2025"
SLV250919P00034500,0.95,Trade,"SLV Sep 19, 2025 $34.50 Put",8,0,-760.87,"Aug 15, 2025"
TSLA250919P00320000,12.01,Trade,"TSLA Sep 19, 2025 $320.00 Put",2,0,-2402.22,"Aug 15, 2025"
TGT250829P00103000,5.05,Trade,"TGT Aug 29, 2025 $103.00 Put",2,0,-1010.22,"Aug 15, 2025"
TSLA250919P00320000,12.05,Trade,"TSLA Sep 19, 2025 $320.00 Put",2,0,-2410.23,"Aug 15, 2025"
TGT250829P00103000,5.05,Trade,"TGT Aug 29, 2025 $103.00 Put",2,0,-1010.22,"Aug 15, 2025"
BABA260116C00110000,19.95,Trade,"BABA Jan 16, 2026 $110.00 Call",2,0,-3990.23,"Aug 15, 2025"
RIVN251017C00011000,1.88,Trade,"RIVN Oct 17, 2025 $11.00 Call",-36,0,6763.94,"Aug 15, 2025"
RIVN251017C00011000,1.89,Trade,"RIVN Oct 17, 2025 $11.00 Call",48,0,-9077.23,"Aug 15, 2025"
UNH260116C00320000,22.61,Trade,"UNH Jan 16, 2026 $320.00 Call",2,0,-4522.23,"Aug 15, 2025"
TSLA260116C00320000,51.95,Trade,"TSLA Jan 16, 2026 $320.00 Call",2,0,-10390.23,"Aug 15, 2025"
BABA260116C00110000,20.05,Trade,"BABA Jan 16, 2026 $110.00 Call",2,0,-4010.23,"Aug 15, 2025"
RIVN251017C00011000,1.88,Trade,"RIVN Oct 17, 2025 $11.00 Call",48,0,-9029.23,"Aug 15, 2025"
NTNX250919P00075000,8.1,Trade,"NTNX Sep 19, 2025 $75.00 Put",1,0,-810.11,"Aug 15, 2025"
SLV250919C00034000,1.24,Trade,"SLV Sep 19, 2025 $34.00 Call",20,0,-2482.18,"Aug 15, 2025"
TSLA260116C00320000,51.95,Trade,"TSLA Jan 16, 2026 $320.00 Call",2,0,-10390.22,"Aug 15, 2025"
UNH250829P00295000,5.52,Trade,"UNH Aug 29, 2025 $295.00 Put",1,0,-552.11,"Aug 15, 2025"
UNH250829P00295000,5.51,Trade,"UNH Aug 29, 2025 $295.00 Put",1,0,-551.11,"Aug 15, 2025"
FSLR251017C00175000,34,Trade,"FSLR Oct 17, 2025 $175.00 Call",-2,0,6799.76,"Aug 15, 2025"
AMZN260116C00220000,24.87,Trade,"AMZN Jan 16, 2026 $220.00 Call",2,0,-4974.23,"Aug 15, 2025"
PDD251017C00110000,10.75,Trade,"PDD Oct 17, 2025 $110.00 Call",3,0,-3225.34,"Aug 14, 2025"
FSLR250815P00187500,7.35,Trade,"FSLR Aug 15, 2025 $187.50 Put",-1,0,734.88,"Aug 14, 2025"
BABA250815P00126000,3.85,Trade,"BABA Aug 15, 2025 $126.00 Put",-1,0,384.88,"Aug 14, 2025"
NVDA250919C00180000,11.12,Trade,"NVDA Sep 19, 2025 $180.00 Call",-5,0,5561.43,"Aug 14, 2025"
NVDA250919C00180000,11.12,Trade,"NVDA Sep 19, 2025 $180.00 Call",-5,0,5557.43,"Aug 14, 2025"
SLV260116C00028000,7.05,Trade,"SLV Jan 16, 2026 $28.00 Call",-3,0,2114.65,"Aug 14, 2025"
META250829P00770000,9.2,Trade,"META Aug 29, 2025 $770.00 Put",-1,0,919.88,"Aug 14, 2025"
IWM250829P00231000,5.42,Trade,"IWM Aug 29, 2025 $231.00 Put",-2,0,1083.76,"Aug 14, 2025"
BABA260116C00120000,15.1,Trade,"BABA Jan 16, 2026 $120.00 Call",-1,0,1509.88,"Aug 14, 2025"
FSLR251017C00175000,20,Trade,"FSLR Oct 17, 2025 $175.00 Call",3,0,-6000.33,"Aug 14, 2025"
FSLR251017C00180000,16.85,Trade,"FSLR Oct 17, 2025 $180.00 Call",-6,0,10109.31,"Aug 14, 2025"
AAPL260116C00195000,43.5,Trade,"AAPL Jan 16, 2026 $195.00 Call",-1,0,4349.88,"Aug 14, 2025"
BABA251017C00115000,12.72,Trade,"BABA Oct 17, 2025 $115.00 Call",-3,0,3814.64,"Aug 14, 2025"
AAPL250829P00225000,2.1,Trade,"AAPL Aug 29, 2025 $225.00 Put",-1,0,209.88,"Aug 14, 2025"
AAPL250829P00225000,2.09,Trade,"AAPL Aug 29, 2025 $225.00 Put",-1,0,208.88,"Aug 14, 2025"
BABA250815P00122000,1.27,Trade,"BABA Aug 15, 2025 $122.00 Put",-12,0,1523.65,"Aug 14, 2025"
TSLA250919P00345000,22.2,Trade,"TSLA Sep 19, 2025 $345.00 Put",-1,0,2219.88,"Aug 14, 2025"
PDD251017C00115000,8.05,Trade,"PDD Oct 17, 2025 $115.00 Call",-2,0,1609.76,"Aug 14, 2025"
NVDA250919C00180000,11.1,Trade,"NVDA Sep 19, 2025 $180.00 Call",-5,0,5549.44,"Aug 14, 2025"
MSFT250919C00525000,12.42,Trade,"MSFT Sep 19, 2025 $525.00 Call",-2,0,2483.76,"Aug 14, 2025"
UNH260116C00250000,39.3,Trade,"UNH Jan 16, 2026 $250.00 Call",-1,0,3929.88,"Aug 14, 2025"
TSLA260116C00340000,47.05,Trade,"TSLA Jan 16, 2026 $340.00 Call",-2,0,9409.76,"Aug 14, 2025"
SLV260116C00030000,5.25,Trade,"SLV Jan 16, 2026 $30.00 Call",-4,0,2099.55,"Aug 14, 2025"
PDD251017C00115000,8.24,Trade,"PDD Oct 17, 2025 $115.00 Call",-2,0,1647.76,"Aug 14, 2025"
TSLA250919P00345000,22.3,Trade,"TSLA Sep 19, 2025 $345.00 Put",-1,0,2229.88,"Aug 14, 2025"
TSLA260116C00340000,47.09,Trade,"TSLA Jan 16, 2026 $340.00 Call",-2,0,9417.76,"Aug 14, 2025"
SLV260116C00028000,7,Trade,"SLV Jan 16, 2026 $28.00 Call",-4,0,2799.55,"Aug 14, 2025"
FSLR250829P00180000,9.4,Trade,"FSLR Aug 29, 2025 $180.00 Put",1,0,-940.11,"Aug 14, 2025"
BABA260116C00120000,14.6,Trade,"BABA Jan 16, 2026 $120.00 Call",-1,0,1459.88,"Aug 14, 2025"
BABA250815P00126000,3.85,Trade,"BABA Aug 15, 2025 $126.00 Put",-1,0,384.88,"Aug 14, 2025"
TSLA260116C00300000,63.77,Trade,"TSLA Jan 16, 2026 $300.00 Call",-3,0,19130.65,"Aug 14, 2025"
PDD250829P00120000,8,Trade,"PDD Aug 29, 2025 $120.00 Put",1,0,-800.11,"Aug 14, 2025"
NVDA250822P00180000,2.64,Trade,"NVDA Aug 22, 2025 $180.00 Put",-2,0,527.76,"Aug 14, 2025"
FSLR251017C00180000,16.65,Trade,"FSLR Oct 17, 2025 $180.00 Call",-6,0,9989.32,"Aug 14, 2025"
FSLR251017C00180000,17.05,Trade,"FSLR Oct 17, 2025 $180.00 Call",5,0,-8525.54,"Aug 14, 2025"
NTNX250919C00065000,6.88,Trade,"NTNX Sep 19, 2025 $65.00 Call",-3,0,2063.65,"Aug 14, 2025"
NTNX250919C00065000,6.88,Trade,"NTNX Sep 19, 2025 $65.00 Call",-3,0,2063.64,"Aug 14, 2025"
NTNX250919C00065000,6.8,Trade,"NTNX Sep 19, 2025 $65.00 Call",-2,0,1359.76,"Aug 14, 2025"
IWM251017C00228000,8.32,Trade,"IWM Oct 17, 2025 $228.00 Call",-3,0,2495.65,"Aug 14, 2025"
IWM251017C00228000,8.34,Trade,"IWM Oct 17, 2025 $228.00 Call",-3,0,2501.64,"Aug 14, 2025"
PDD251017C00115000,8,Trade,"PDD Oct 17, 2025 $115.00 Call",-2,0,1599.76,"Aug 14, 2025"
BABA260116C00120000,14.58,Trade,"BABA Jan 16, 2026 $120.00 Call",-1,0,1457.88,"Aug 14, 2025"
FSLR250919C00185000,9.83,Trade,"FSLR Sep 19, 2025 $185.00 Call",-2,0,1965.76,"Aug 14, 2025"
TSLA250919P00345000,22.24,Trade,"TSLA Sep 19, 2025 $345.00 Put",-1,0,2223.88,"Aug 14, 2025"
TSLA260116C00340000,47,Trade,"TSLA Jan 16, 2026 $340.00 Call",-2,0,9399.76,"Aug 14, 2025"
META250829P00770000,9.2,Trade,"META Aug 29, 2025 $770.00 Put",-1,0,919.88,"Aug 14, 2025"
META260116C00850000,40.42,Trade,"META Jan 16, 2026 $850.00 Call",2,0,-8084.23,"Aug 14, 2025"
FSLR251017C00180000,16.79,Trade,"FSLR Oct 17, 2025 $180.00 Call",5,0,-8395.55,"Aug 14, 2025"
PDD251017C00115000,8.04,Trade,"PDD Oct 17, 2025 $115.00 Call",-2,0,1607.76,"Aug 14, 2025"
PDD251017C00115000,8.03,Trade,"PDD Oct 17, 2025 $115.00 Call",-2,0,1605.76,"Aug 14, 2025"
PDD251017C00110000,10.7,Trade,"PDD Oct 17, 2025 $110.00 Call",3,0,-3210.34,"Aug 14, 2025"
MSFT250919C00525000,12.37,Trade,"MSFT Sep 19, 2025 $525.00 Call",-2,0,2473.76,"Aug 14, 2025"
META250829P00770000,9.2,Trade,"META Aug 29, 2025 $770.00 Put",-1,0,919.88,"Aug 14, 2025"
META260116C00850000,40.35,Trade,"META Jan 16, 2026 $850.00 Call",-2,0,8069.76,"Aug 14, 2025"
FSLR251017C00175000,19.41,Trade,"FSLR Oct 17, 2025 $175.00 Call",3,0,-5823.34,"Aug 14, 2025"
UNH260116C00250000,40.55,Trade,"UNH Jan 16, 2026 $250.00 Call",-1,0,4054.88,"Aug 14, 2025"
AAPL260116C00210000,30.98,Trade,"AAPL Jan 16, 2026 $210.00 Call",-1,0,3097.88,"Aug 14, 2025"
BABA260116C00120000,15.1,Trade,"BABA Jan 16, 2026 $120.00 Call",-1,0,1509.88,"Aug 14, 2025"
META260116C00850000,40.15,Trade,"META Jan 16, 2026 $850.00 Call",-2,0,8029.76,"Aug 14, 2025"
QQQ250829P00580000,6.63,Trade,"QQQ Aug 29, 2025 $580.00 Put",-2,0,1325.76,"Aug 14, 2025"
AAPL260116C00195000,43.5,Trade,"AAPL Jan 16, 2026 $195.00 Call",-1,0,4349.88,"Aug 14, 2025"
FSLR250829P00180000,9.4,Trade,"FSLR Aug 29, 2025 $180.00 Put",1,0,-940.11,"Aug 14, 2025"
UNH260116C00250000,39.35,Trade,"UNH Jan 16, 2026 $250.00 Call",-1,0,3934.88,"Aug 14, 2025"
SLV260116C00028000,7.01,Trade,"SLV Jan 16, 2026 $28.00 Call",-3,0,2103.64,"Aug 14, 2025"
FSLR250829P00180000,9.4,Trade,"FSLR Aug 29, 2025 $180.00 Put",1,0,-940.11,"Aug 14, 2025"
FSLR250919C00185000,9.65,Trade,"FSLR Sep 19, 2025 $185.00 Call",-2,0,1929.76,"Aug 14, 2025"
NVDA250822P00180000,2.67,Trade,"NVDA Aug 22, 2025 $180.00 Put",-2,0,533.76,"Aug 14, 2025"
META260116C00850000,41.25,Trade,"META Jan 16, 2026 $850.00 Call",-1,0,4124.88,"Aug 14, 2025"
FSLR250919C00185000,9.65,Trade,"FSLR Sep 19, 2025 $185.00 Call",-2,0,1929.76,"Aug 14, 2025"
MSFT250919C00525000,12.35,Trade,"MSFT Sep 19, 2025 $525.00 Call",-2,0,2469.76,"Aug 14, 2025"
FSLR251017C00180000,16.86,Trade,"FSLR Oct 17, 2025 $180.00 Call",-3,0,5057.65,"Aug 14, 2025"
QQQ250919P00585000,12.1,Trade,"QQQ Sep 19, 2025 $585.00 Put",-2,0,2419.76,"Aug 14, 2025"
BABA250815P00126000,3.7,Trade,"BABA Aug 15, 2025 $126.00 Put",-1,0,369.88,"Aug 14, 2025"
ZM251017C00065000,9.15,Trade,"ZM Oct 17, 2025 $65.00 Call",2,0,-1830.23,"Aug 14, 2025"
FSLR251017C00180000,16.86,Trade,"FSLR Oct 17, 2025 $180.00 Call",-4,0,6743.55,"Aug 14, 2025"
FSLR251017C00180000,16.9,Trade,"FSLR Oct 17, 2025 $180.00 Call",5,0,-8448.54,"Aug 14, 2025"
FSLR251017C00180000,17.1,Trade,"FSLR Oct 17, 2025 $180.00 Call",5,0,-8550.55,"Aug 14, 2025"
NTNX250919C00065000,6.83,Trade,"NTNX Sep 19, 2025 $65.00 Call",-3,0,2048.65,"Aug 14, 2025"
FSLR250815P00187500,7.3,Trade,"FSLR Aug 15, 2025 $187.50 Put",-1,0,729.88,"Aug 14, 2025"
ZM251017C00065000,9.1,Trade,"ZM Oct 17, 2025 $65.00 Call",2,0,-1820.23,"Aug 14, 2025"
NVDA250822P00180000,2.67,Trade,"NVDA Aug 22, 2025 $180.00 Put",-2,0,533.76,"Aug 14, 2025"
IWM250829P00231000,5.42,Trade,"IWM Aug 29, 2025 $231.00 Put",-2,0,1083.76,"Aug 14, 2025"
ZM251017C00065000,9.08,Trade,"ZM Oct 17, 2025 $65.00 Call",2,0,-1816.23,"Aug 14, 2025"
AAPL260116C00195000,43.5,Trade,"AAPL Jan 16, 2026 $195.00 Call",-1,0,4349.88,"Aug 14, 2025"
AAPL250829P00225000,2.1,Trade,"AAPL Aug 29, 2025 $225.00 Put",-1,0,209.88,"Aug 14, 2025"
FSLR251017C00180000,16.87,Trade,"FSLR Oct 17, 2025 $180.00 Call",-6,0,10121.32,"Aug 14, 2025"
META260116C00850000,40.3,Trade,"META Jan 16, 2026 $850.00 Call",-2,0,8059.76,"Aug 14, 2025"
META260116C00850000,41.17,Trade,"META Jan 16, 2026 $850.00 Call",-1,0,4116.88,"Aug 14, 2025"
FSLR251017C00175000,19.95,Trade,"FSLR Oct 17, 2025 $175.00 Call",3,0,-5985.34,"Aug 14, 2025"
QQQ250919P00585000,12.1,Trade,"QQQ Sep 19, 2025 $585.00 Put",-2,0,2419.76,"Aug 14, 2025"
FSLR250815P00187500,7.45,Trade,"FSLR Aug 15, 2025 $187.50 Put",-1,0,744.88,"Aug 14, 2025"
PDD250829P00120000,8.05,Trade,"PDD Aug 29, 2025 $120.00 Put",1,0,-805.11,"Aug 14, 2025"
MSFT250829P00510000,3.05,Trade,"MSFT Aug 29, 2025 $510.00 Put",-1,0,304.88,"Aug 14, 2025"
BABA260116C00120000,14.95,Trade,"BABA Jan 16, 2026 $120.00 Call",-1,0,1494.88,"Aug 14, 2025"
PDD251017C00115000,8.05,Trade,"PDD Oct 17, 2025 $115.00 Call",-2,0,1609.76,"Aug 14, 2025"
PDD251017C00110000,10.75,Trade,"PDD Oct 17, 2025 $110.00 Call",3,0,-3225.34,"Aug 14, 2025"
PDD250829P00120000,8.05,Trade,"PDD Aug 29, 2025 $120.00 Put",1,0,-805.11,"Aug 14, 2025"
BABA260116C00120000,14.6,Trade,"BABA Jan 16, 2026 $120.00 Call",-1,0,1459.88,"Aug 14, 2025"
FSLR251017C00180000,17.25,Trade,"FSLR Oct 17, 2025 $180.00 Call",5,0,-8625.55,"Aug 14, 2025"